{
  "schema_path": "C:\\code\\setup-test\\_artifacts_cuda_newton_fractal\\ui_app\\..\\ui\\fractal_binding_surface_v1.ui_schema.json",
  "version": 1,
  "camera": {
    "center_hp_x": 0.05372859631213710,
    "center_hp_y": 0.04856427142863402,
    "log2_zoom": 0.01860782504081726,
    "rotation_degrees": 0.00000000000000000,
    "camera_behavior": "manual",
    "auto_dive": false,
    "dive_speed": 0.00000000000000000
  },
  "fractal": {
    "fractal_type": "explaino_fp",
    "explaino_alive": false,
    "explaino_seed_tween": true,
    "explaino_alive_speed": 1.00000000000000000,
    "explaino_phase": 0.90000003576278687,
    "explaino_seed_drift": 6.00000000000000000
  },
  "lens": {
    "enabled": true,
    "downsample": 2.00000000000000000
  },
  "params": {
    "max_iter": 650.00000000000000000,
    "epsilon": 0.00000099999999748,
    "nova_alpha": 0.50000000000000000,
    "phoenix_p_real": -0.50000000000000000,
    "phoenix_p_imag": 0.00000000000000000,
    "poly_kind": "custom",
    "poly_coeffs": [0.63831847906112671, -0.10704725980758667, 0.51026213169097900, -0.98951655626296997, 1.00000000000000000],
    "multibrot_power": 3.00000000000000000,
    "coloring_mode": "joy_basins",
    "exposure": 1.35000002384185791,
    "color_saturation": 1.20000004768371582,
    "color_contrast": 1.14999997615814209,
    "color_tint_r": 1.00000000000000000,
    "color_tint_g": 1.00000000000000000,
    "color_tint_b": 1.00000000000000000,
    "explaino_seed": 796907497.00000000000000000,
    "explaino_warp_strength": 0.00000000000000000
  },
  "engine": {
    "resolution": [1024.00000000000000000, 768.00000000000000000],
    "block_size": 256.00000000000000000,
    "device_id": 0.00000000000000000,
    "benchmark": false
  }
}
